"key","EN","MS","AR"
"about.approach1Body","Consultation and placement guidance help identify an appropriate language route before enrolment.","Perundingan dan bimbingan penempatan membantu mengenal pasti laluan bahasa yang bersesuaian sebelum pendaftaran.","تساعد الاستشارة وتحديد المستوى في اختيار المسار اللغوي الأنسب قبل التسجيل."
"about.approach1Title","Start with the learner’s goal","Bermula dengan matlamat pelajar","البدء بأهداف الطالب"
"about.approach2Body","The centre describes interactive learning supported by digital classroom tools and guided practice.","Pusat ini mengutamakan pembelajaran interaktif yang disokong oleh alat bilik darjah digital dan latihan berpandu.","يعتمد المركز على التعليم التفاعلي المدعوم بأدوات الفصول الرقمية والممارسة الموجهة."
"about.approach2Title","Practise actively","Berlatih secara aktif","ممارسة لغوية تفاعلية"
"about.approach3Body","Learning pathways are designed around language development, cultural awareness and practical communication.","Laluan pembelajaran direka merangkumi perkembangan bahasa, kesedaran budaya dan komunikasi praktikal.","صممت مساراتنا لتجمع بين تطوير اللغة، الوعي الثقافي والقدرة على التواصل العملي اليومي."
"about.approach3Title","Build confidence steadily","Bina keyakinan secara mantap","بناء الثقة بثبات"
"about.approachEyebrow","Learning approach","Pendekatan pembelajaran","منهجية التعليم"
"about.approachSubtitle","Clear next steps, active practice and steady confidence-building shape the centre’s public learning approach.","Langkah seterusnya yang jelas, latihan aktif dan pembinaan keyakinan berterusan membentuk pendekatan pembelajaran pusat kami.","خطوات واضحة، ممارسة عملية نشطة وبناء مستمر للثقة ترسم ملامح النهج التعليمي للمركز."
"about.approachTitle","How learning is supported","Bagaimana pembelajaran disokong","كيف ندعم تقدمك التعليمي"
"about.communityCaption","Language grows through meaningful exchange and shared practice.","Kemahiran bahasa berkembang melalui pertukaran bermakna dan latihan bersama.","تتطور اللغة من خلال التبادل الهادف والممارسة اليومية المشتركة."
"about.communityEyebrow","People and practice","Komuniti dan latihan","مجتمع وممارسة"
"about.communityTitle","A place to keep moving forward","Tempat untuk terus maju ke hadapan","مكان مثالي للمضي قدماً في طموحاتك"
"about.explorePrograms","Explore programmes","Terokai program","استكشف البرامج"
"about.eyebrow","About","Tentang Kami","من نحن"
"about.heroSubtitle","Bilingual Idol Language Centre supports learners in Kuala Lumpur with language pathways, consultation and a focus on confident communication.","Pusat Bahasa Bilingual Idol menyokong pelajar di Kuala Lumpur dengan laluan bahasa berfokus, perundingan dan komunikasi yang yakin.","يدعم مركز بايلينجوال آيدول الطلاب في كوالالمبور بمسارات لغوية دقيقة واستشارات تركز على التواصل الواثق."
"about.heroTitle","Language learning built around clear progress.","Pembelajaran bahasa yang dibina atas kemajuan yang jelas.","تعليم لغوي مبني على تقدم واضح ونتائج ملموسة."
"about.storyBody","The centre describes a learning environment with interactive classrooms, digital learning resources, placement guidance and personalised language routes.","Pusat ini menyediakan persekitaran pembelajaran dengan bilik darjah interaktif, sumber pembelajaran digital, panduan penempatan dan laluan bahasa yang diperibadikan.","يوفر المركز بيئة تعليمية متكاملة تضم فصولاً تفاعلية، موارد تعليمية رقمية حديثة، وتوجيهاً لمسارات تعليمية مخصصة."
"about.storyEyebrow","A considered start","Permulaan yang teliti","انطلاقة مدروسة"
"about.storyTitle","What the centre supports","Perkara yang disokong pusat ini","ما يقدمه المركز لطلابه"
"about.teamEyebrow","Advisory & Teaching","Penasihat & Tenaga Pengajar","الهيئة التدريسية والاستشارية"
"about.teamTitle","Qualified instructors dedicated to your growth","Pengajar bertauliah yang berdedikasi untuk kemajuan anda","مدربون مؤهلون مكرسون لنجاحك الأكاديمي"
"category.english","English","Bahasa Inggeris","الإنجليزية"
"category.kids","Kids","Kanak-kanak","الأطفال"
"category.professional","Professional","Profesional","احترافي"
"category.worldLanguages","World Languages","Bahasa Dunia","اللغات العالمية"
"common.backToHome","Back to home","Kembali ke laman utama","العودة للرئيسية"
"common.call","Call","Telefon","اتصال هاتفي"
"common.close","Close","Tutup","إغلاق"
"common.email","Email","E-mel","البريد الإلكتروني"
"common.openingHours","Opening hours","Waktu operasi","ساعات العمل"
"common.viewDetails","View details","Lihat butiran","عرض التفاصيل"
"common.whatsapp","WhatsApp","WhatsApp","واتساب"
"contact.eyebrow","Contact","Hubungi","اتصل بنا"
"contact.formEyebrow","Send an enquiry","Hantar pertanyaan","إرسال استفسار"
"contact.formSubtitle","A short description of the learner’s language goal and preferred timing is enough to begin.","Penerangan ringkas mengenai matlamat bahasa dan waktu pilihan sudah mencukupi untuk memulakan langkah.","وصف موجز لهدف الطالب ومواعيده المفضلة كافٍ لبدء المساعدة والتوجيه."
"contact.formTitle","Tell us what the learner needs.","Beritahu kami keperluan pembelajaran anda.","أخبرنا بما يحتاجه الطالب."
"contact.heroSubtitle","Choose the contact method that works best for you, or send a short enquiry below.","Pilih kaedah komunikasi yang paling mudah untuk anda, atau hantar pertanyaan ringkas di bawah.","اختر وسيلة التواصل الأنسب لك، أو أرسل استفساراً سريعاً عبر النموذج أدناه."
"contact.heroTitle","Get in touch with the centre.","Hubungi pihak pusat kami.","تواصل مع فريق المركز."
"contact.openingHours","Monday – Sunday: 9:00 AM – 9:00 PM","Isnin – Ahad: 9:00 PG – 9:00 MLM","من الاثنين إلى الأحد: 9:00 صباحاً – 9:00 مساءً"
"contact.submitButton","Send enquiry","Hantar pertanyaan","إرسال الاستفسار"
"enroll.emailLabel","Email Address *","Alamat E-mel *","البريد الإلكتروني *"
"enroll.emailPlaceholder","e.g. guardian@example.com","cth. penjaga@example.com","مثال: guardian@example.com"
"enroll.messageLabel","Additional Notes or Questions","Nota Tambahan atau Soalan","ملاحظات أو أسئلة إضافية"
"enroll.phoneLabel","Phone / WhatsApp Number *","Nombor Telefon / WhatsApp *","رقم الهاتف / واتساب *"
"enroll.phonePlaceholder","e.g. +60 12-345 6789","cth. +60 12-345 6789","مثال: +60 12-345 6789"
"enroll.studentNameLabel","Student Name *","Nama Pelajar *","اسم الطالب *"
"enroll.submitAnother","Submit another enquiry","Hantar pertanyaan lain","إرسال استفسار آخر"
"enroll.successSubtitle","Thank you. Our academic counsellor will review the learner's requirements and contact you within 24 hours.","Terima kasih. Kaunselor akademik kami akan menyemak keperluan pelajar dan menghubungi anda dalam masa 24 jam.","شكراً لك. سيقوم المستشار الأكاديمي بمراجعة تفاصيل الطالب والتواصل معك خلال 24 ساعة."
"enroll.successTitle","Enquiry Submitted Successfully","Pertanyaan Berjaya Dihantar","تم إرسال استفسارك بنجاح"
"footer.allRightsReserved","All rights reserved","Hak cipta terpelihara","جميع الحقوق محفوظة"
"footer.brandSubtitle","Language Centre","Pusat Bahasa","مركز لغات"
"footer.centreName","Bilingual Idol Language Centre","Pusat Bahasa Bilingual Idol","مركز بايلينجوال آيدول للغات"
"footer.location","Pavilion Embassy, Kuala Lumpur","Pavilion Embassy, Kuala Lumpur","بافيليون إمباسي، كوالالمبور"
"home.admissionsTag","Admissions","Kemasukan","القبول والتسجيل"
"home.contactStripSubtitle","Visit our campus at Pavilion Embassy, Ampang or speak with an education consultant today.","Lawati kampus kami di Pavilion Embassy, Ampang atau berbincang dengan perunding pendidikan hari ini.","قم بزيارة مقرنا في بافيليون إمباسي بشارع أمبانغ أو تحدث مع مستشارنا التعليمي اليوم."
"home.contactStripTitle","Ready to start your language journey?","Bersedia untuk memulakan perjalanan bahasa anda?","هل أنت مستعد لبدء رحلتك اللغوية؟"
"home.ctaBooking","Book consultation","Tempah perundingan","حجز استشارة أكاديمية"
"home.ctaPlacement","Free placement test","Ujian penempatan percuma","اختبار تحديد مستوى مجاني"
"home.facilitiesEyebrow","Campus Facilities","Kemudahan Kampus","مرافق المركز"
"home.facilitiesSubtitle","Experience our state-of-the-art multimedia classrooms, executive lounges, private study suites, and student breakout zones.","Alami bilik darjah multimedia serba canggih, ruang istirahat eksekutif, suite belajar peribadi dan zon rehat pelajar kami.","استمتع بقاعاتنا الدراسية المزودة بأحدث تقنيات الوسائط المتعددة، وصالات كبار الشخصيات، وقاعات الدراسة الهادئة."
"home.facilitiesTitle","Modern Learning Spaces at Pavilion Embassy","Ruang Pembelajaran Moden di Pavilion Embassy","مساحات تعليمية حديثة في بافيليون إمباسي"
"home.heroSubtitle","Structured language programmes, international IELTS preparation and immersive world language pathways at Pavilion Embassy, Kuala Lumpur.","Program bahasa berstruktur, persediaan peperiksaan IELTS antarabangsa dan laluan bahasa dunia yang mendalam di Pavilion Embassy, Kuala Lumpur.","برامج لغوية منظمة، تحضير معتمد لاختبارات الآيلتس (IELTS) ومسارات لغات عالمية متميزة في بافيليون إمباسي، كوالالمبور."
"home.journeySubtitle","A structured 5-stage roadmap designed for rapid language acquisition, cultural immersion, and certified progression.","Pelan tindakan 5 peringkat yang direka untuk pemerolehan bahasa pantas, integrasi budaya dan peningkatan bertauliah.","خارطة طريق مدروسة من 5 مراحل مصممة لاكتساب لغوي سريع، اندماج ثقافي وشهادات معتمدة."
"home.journeyTitle","From First Enquiry to Language Fluency","Dari Pertanyaan Pertama Hingga Kefasihan Bahasa","من أول استفسار وحتى الطلاقة اللغوية"
"home.pricingSubtitle","Explore our structured certified courses. Contact admissions for group enrolments, customized timetables and active intake promotions.","Terokai kursus bertauliah kami yang tersusun. Hubungi pihak kemasukan untuk pendaftaran berkumpulan, jadual tersuai dan promosi pengambilan aktif.","استكشف دوراتنا الأكاديمية المعتمدة والمنظمة. تواصل مع قسم القبول للاستفسار عن التسجيل الجماعي، الجداول المخصصة والحملات الترويجية النشطة."
"home.pricingTabCamps","Holiday Camps","Kem Cuti Sekolah","المخيمات الصيفية والشتوية"
"home.pricingTabExecutive","Corporate & Executive","Korporat & Eksekutif","برامج الشركات والتنفيذيين"
"home.pricingTabGeneral","General English","Bahasa Inggeris Umum","الإنجليزية العامة"
"home.pricingTabIelts","IELTS Prep","Persediaan IELTS","تحضير الآيلتس"
"home.pricingTabPrivate","1-on-1 Private","Privat 1-ke-1","دروس خاصة 1-على-1"
"home.pricingTabWorld","World Languages","Bahasa Dunia","اللغات العالمية"
"home.pricingTitle","Accredited Academic Programmes","Program Akademik yang Diiktiraf","البرامج الأكاديمية المعتمدة"
"home.startHereDesc","Explore accredited courses, book a campus consultation, or access your active student account.","Terokai kursus bertauliah, tempah sesi perundingan kampus, atau akses akaun pelajar anda.","استكشف الدورات المعتمدة، احجز استشارة في المقر، أو سجل الدخول إلى حسابك."
"home.startHereEyebrow","Start here","Mula di sini","ابدأ من هنا"
"home.startHereTitle","Choose your pathway to fluency.","Pilih laluan anda ke arah kefasihan.","اختر مسارك نحو الطلاقة والتميز."
"home.taskConsultationDesc","Schedule a private tour and 1-on-1 language roadmap session at Pavilion Embassy.","Jadualkan lawatan peribadi dan sesi pelan bahasa 1-dengan-1 di Pavilion Embassy.","احجز جولة خاصة وجلسة لتخطيط مسارك اللغوي وجهاً لوجه في بافيليون إمباسي."
"home.taskConsultationTitle","Book a consultation","Tempah perundingan","حجز استشارة في المقر"
"home.taskPortalDesc","Sign in to view class timetables, attendance records, study resources, and grades.","Log masuk untuk melihat jadual kelas, rekod kehadiran, sumber pembelajaran dan gred.","سجل الدخول لعرض الجداول الدراسية وسجلات الحضور والموارد الأكاديمية."
"home.taskPortalTitle","Student & Staff Portal","Portal Pelajar & Kakitangan","بوابة الطلاب والأساتذة"
"home.taskProgramsDesc","General English, IELTS, Summer Camp, Corporate & World Languages.","Bahasa Inggeris Umum, IELTS, Kem Musim Panas, Korporat & Bahasa Dunia.","اللغة الإنجليزية العامة، الآيلتس، المخيمات الصيفية، برامج الشركات واللغات العالمية."
"home.taskProgramsTitle","Browse 2026 programmes","Semak program 2026","استعراض برامج 2026"
"home.testimonialsEyebrow","Student Stories","Kisah Pelajar","تجارب الطلاب"
"home.testimonialsSubtitle","Real feedback from international students, professionals, and parents who studied at Bilingual Idol.","Maklum balas tulen daripada pelajar antarabangsa, profesional dan ibu bapa yang belajar di Bilingual Idol.","آراء وانطباعات حقيقية من الطلاب الدوليين، المهنيين وأولياء الأمور الذين درسوا في المركز."
"home.testimonialsTitle","What Our Learners Say","Apa Kata Pelajar Kami","ماذا يقول طلابنا عنا"
"languageName.arabic","Arabic","Arab","العربية"
"languageName.bahasaMelayu","Bahasa Melayu","Bahasa Melayu","البهاسا الملايوية"
"languageName.english","English","Bahasa Inggeris","الإنجليزية"
"languageName.japanese","Japanese","Jepun","اليابانية"
"languageName.korean","Korean","Korea","الكورية"
"languageName.mandarin","Mandarin","Mandarin","الماندرين"
"login.emailLabel","Login","Log Masuk","تسجيل الدخول"
"login.emailPlaceholder","nickname@bilc.my","nickname@bilc.my","nickname@bilc.my"
"login.eyebrow","Portal Access","Akses Portal","بوابة الدخول"
"login.helpText","Sign in using your assigned nickname@bilc.my credentials and password. Contact admissions if you need your account details.","Log masuk menggunakan akaun nickname@bilc.my dan kata laluan anda. Hubungi bahagian kemasukan jika anda memerlukan maklumat akaun.","سجّل الدخول باستخدام حسابك nickname@bilc.my وكلمة المرور. تواصل مع إدارة المركز إذا احتجت إلى بيانات الدخول."
"login.helpTitle","Need account access?","Perlukan akses akaun?","هل تحتاج إلى حساب؟"
"login.heroSubtitle","Access your dashboard, class schedules, and centre resources.","Akses papan pemuka, jadual kelas dan sumber pusat anda.","الوصول إلى لوحة التحكم، جداول الحصص الدراسية وموارد المركز التعليمية."
"login.heroTitle","Sign in to your account.","Log masuk ke akaun anda.","تسجيل الدخول إلى حسابك."
"login.invalidCredentials","","",""
"login.passwordLabel","Password","Kata laluan","كلمة المرور"
"login.passwordPlaceholder","Enter your password","Masukkan kata laluan anda","أدخل كلمة المرور"
"login.signingIn","Signing in...","Sedang log masuk...","جارٍ تسجيل الدخول..."
"login.submitButton","Sign in","Log masuk","تسجيل الدخول"
"nav.about","About","Tentang Kami","من نحن"
"nav.contact","Contact","Hubungi","اتصل بنا"
"nav.home","Home","Laman Utama","الرئيسية"
"nav.makeEnquiry","Make an enquiry","Buat Pertanyaan","تقديم استفسار"
"nav.news","News","Berita","الأخبار"
"nav.programs","Programmes","Program","البرامج التعليمية"
"nav.signIn","Sign in","Log Masuk","تسجيل الدخول"
"nav.signOut","Sign out","Log Keluar","تسجيل الخروج"
"nav.skipToContent","Skip to content","Langkau ke kandungan","الانتقال إلى المحتوى"
"nav.switchLanguage","Language","Bahasa","اللغة"
"nav.workspace","Workspace","Ruang Kerja","مساحة العمل"
"news.eyebrow","Updates & Notices","Kemas Kini & Makluman","تحديثات وإعلانات"
"news.heroSubtitle","Read recent notices, holiday schedules and academic updates from Bilingual Idol.","Baca makluman terkini, jadual cuti dan kemas kini akademik daripada Bilingual Idol.","تابع آخر المستجدات، جداول العطلات الرسمية والمواعيد الأكاديمية الصادرة عن المركز."
"news.heroTitle","Centre news and announcements.","Berita dan pengumuman pusat.","أخبار وإعلانات المركز."
"news.next","Next","Seterusnya","التالي"
"news.noUpdates","No announcements published yet.","Tiada pengumuman diterbitkan lagi.","لا توجد إعلانات منشورة بعد."
"news.noUpdatesText","Check back soon for academic calendar notices, workshops, and school events.","Semak semula nanti untuk makluman takwim akademik, bengkel dan acara sekolah.","يرجى المتابعة لاحقاً لمعرفة التحديثات حول التقويم الأكاديمي وورش العمل والفعاليات."
"news.previous","Previous","Sebelumnya","السابق"
"news.readUpdate","Read full update","Baca makluman penuh","قراءة التحديث كاملاً"
"newsCategory.announcement","Announcement","Pengumuman","إعلان"
"newsCategory.event","Event","Acara","فعالية"
"newsCategory.holiday","Holiday","Cuti","عطلة"
"onlineTest.badge","Free Online Placement Test · Fast Evaluation","Ujian Penempatan Dalam Talian Percuma","اختبار تحديد المستوى المجاني عبر الإنترنت"
"onlineTest.bookClass","Book Your Class","Tempah Kelas Anda","احجز صفك الدراسي"
"onlineTest.closeLabel","Close Placement Test","Tutup Ujian Penempatan","إغلاق اختبار تحديد المستوى"
"onlineTest.complete","Evaluation Complete","Penilaian Selesai","اكتمل التقييم"
"onlineTest.description","Answer 5 quick grammar & vocabulary questions to see your estimated CEFR level and recommended study pathway.","Jawab 5 soalan tatabahasa & perbendaharaan kata untuk melihat anggaran tahap CEFR dan laluan pengajian yang disyorkan.","أجب عن 5 أسئلة سريعة في القواعد والمفردات لمعرفة مستواك التقديري وفق الإطار الأوروبي (CEFR) والمسار الأكاديمي الموصى به."
"onlineTest.disclaimer","* Note: This quick online evaluation provides an initial estimate. Official placement for class allocation is verified in person at Pavilion Embassy or via live Zoom test with our academic faculty.","* Nota: Penilaian pantas dalam talian ini memberikan anggaran awal. Penempatan rasmi untuk peruntukan kelas disahkan secara bersemuka di Pavilion Embassy atau melalui ujian Zoom bersama fakulti akademik kami.","* ملاحظة: هذا التقييم السريع عبر الإنترنت يوفر تقديراً أولياً. يتم تأكيد تحديد المستوى الرسمي لتوزيع الفصول حضورياً في بافيليون إمباسي أو عبر اختبار زووم مباشر مع هيئتنا التدريسية الأكاديمية."
"onlineTest.estimatedLevel","Estimated Level:","Anggaran Tahap:","المستوى التقديري:"
"onlineTest.getResults","Get Evaluation Results","Dapatkan Keputusan","عرض نتيجة التقييم"
"onlineTest.next","Next Question","Soalan Seterusnya","السؤال التالي"
"onlineTest.previous","Previous","Sebelumnya","السابق"
"onlineTest.progress","Question {current} of {total}","Soalan {current} daripada {total}","السؤال {current} من {total}"
"onlineTest.recommendedForYou","Recommended For You","Disyorkan Untuk Anda","موصى به لك"
"onlineTest.score","Score","Skor","النتيجة"
"onlineTest.title","Quick English Level Evaluator","Penilai Tahap Bahasa Inggeris Pantas","مقياس مستوى اللغة الإنجليزية السريع"
"onlineTest.whatsappCta","💬 WhatsApp Results to Admissions","💬 Hantar Keputusan ke WhatsApp Kemasukan","💬 إرسال النتيجة عبر واتساب إلى القبول"
"onlineTest.whatsappMessage","Hello Bilingual Idol! I completed your free Online Placement Test. My score is {score}/{total} ({level}). I'd like to book my official evaluation.","Salam Bilingual Idol! Saya telah melengkapkan Ujian Penempatan dalam talian. Skor saya ialah {score}/{total} ({level}). Saya ingin menempah sesi penilaian rasmi.","مرحباً بايلينجوال آيدول! أكملت اختبار تحديد المستوى المجاني عبر الإنترنت. نتيجتي هي {score}/{total} ({level}). أود حجز تقييم رسمي."
"programs.eyebrow","Programmes","Program","البرامج التعليمية"
"programs.heroSubtitle","Explore the published 2026 course guide, then contact the centre to confirm suitability, availability and intake schedules.","Terokai panduan kursus 2026 yang diterbitkan, kemudian hubungi pusat untuk mengesahkan kesesuaian, ketersediaan dan jadual pengambilan.","استعرض دليل دورات عام 2026، ثم تواصل مع المركز لتأكيد الملاءمة، التوفر ومواعيد بدء الدورات."
"programs.heroTitle","Find a programme that fits the learner.","Cari program yang sesuai untuk pelajar.","اختر البرنامج الذي يناسب أهدافك وتطلعاتك."
"promo.badge","","",""
"promo.buttonLabel","","",""
"promo.codeLabel","","",""
"promo.copyCode","","",""
"promo.discountPercent","","",""
"promo.dismiss","","",""
"promo.off","","",""
